modelType,targetName,valMae,valRmse,testMae,testRmse
ridge,eta_roll_hat,0.744353181266529,0.745287613160762,0.734111372271802,0.735111743962123
ridge,eta_pitch_hat,0.793725742461466,0.794374716199508,0.785704899986365,0.786229413923561
ridge,eta_yaw_hat,0.694166970033516,0.694958977584495,0.68564405550355,0.686427088780399
ridge,eta_total_hat,0.751555652936251,0.752069399248589,0.742631954165564,0.743093410745989
shallow_mlp,eta_roll_hat,0.017538429059416,0.0228490518204308,0.0212924115532184,0.0273931578228395
shallow_mlp,eta_pitch_hat,0.028826209285382,0.0591235519157835,0.0314827668574066,0.0793006318719389
shallow_mlp,eta_yaw_hat,0.0312868698242571,0.0897405172731283,0.0300866657899113,0.0522580942285256
shallow_mlp,eta_total_hat,0.0579828140285186,0.0867177772144074,0.0749915128989075,0.110282293648361
