modelType,targetName,rmse,mae
ridge,eta_roll_hat,0.735597785946111,0.735125309992555
ridge,eta_pitch_hat,0.796076508653099,0.796045796671352
ridge,eta_yaw_hat,0.729432458285882,0.729289852647764
ridge,eta_total_hat,0.758170991012352,0.758034640327877
mlp,eta_roll_hat,0.117489784230216,0.115150616709512
mlp,eta_pitch_hat,0.175050142358738,0.145262303426381
mlp,eta_yaw_hat,0.19165308374803,0.131907171061496
mlp,eta_total_hat,0.0744501947458843,0.0675052722159369
