label,eta_total_mae,eta_total_rmse,eta_roll_mae,eta_pitch_mae,eta_yaw_mae
ridge + summary,0.742180949493076,0.742748169175978,0.733615341421393,0.785269649190967,0.685230881276805
shallow_mlp + summary_plus_residual_energy,0.0309101042466023,0.0508975552725373,0.0247153312089071,0.0438208411255031,0.0153668166376005
sequence_mlp_placeholder + hybrid_sequence_summary,0.745181410557447,0.745590389799252,0.736307339045843,0.788789830454066,0.687831638839103
